strategy,student_type,success,total_steps,final_mastery,reached_mastery_step,remediation_count,unnecessary_remediations,final_accuracy
AB1_Baseline,Careless,1,28,0.8596,28,0,0,0.7033
AB1_Baseline,Careless,0,40,0.8376,,0,0,0.6885
AB1_Baseline,Careless,1,33,0.8565,33,0,0,0.7078
AB1_Baseline,Careless,0,40,0.751,,0,0,0.6343
AB1_Baseline,Careless,1,28,0.8576,28,0,0,0.7006
AB1_Baseline,Careless,1,34,0.8601,34,0,0,0.7068
AB1_Baseline,Careless,1,21,0.8564,21,0,0,0.692
AB1_Baseline,Careless,0,40,0.5875,,0,0,0.5129
AB1_Baseline,Careless,1,17,0.8611,17,0,0,0.6957
AB1_Baseline,Careless,1,27,0.859,27,0,0,0.703
AB1_Baseline,Careless,1,27,0.8609,27,0,0,0.701
AB1_Baseline,Careless,0,40,0.8247,,0,0,0.6858
AB1_Baseline,Careless,1,20,0.8552,20,0,0,0.6921
AB1_Baseline,Careless,1,35,0.8584,35,0,0,0.6993
AB1_Baseline,Careless,1,27,0.8579,27,0,0,0.6994
AB1_Baseline,Careless,1,29,0.8587,29,0,0,0.7025
AB1_Baseline,Careless,1,23,0.8635,23,0,0,0.7038
AB1_Baseline,Careless,1,29,0.8565,29,0,0,0.6992
AB1_Baseline,Careless,1,29,0.8581,29,0,0,0.7035
AB1_Baseline,Careless,1,21,0.8568,21,0,0,0.6958
AB1_Baseline,Careless,0,40,0.7491,,0,0,0.6434
AB1_Baseline,Careless,0,40,0.8428,,0,0,0.7028
AB1_Baseline,Careless,0,40,0.613,,0,0,0.5401
AB1_Baseline,Careless,1,18,0.851,18,0,0,0.6903
AB1_Baseline,Careless,0,40,0.83,,0,0,0.6885
AB1_Baseline,Careless,1,19,0.8554,19,0,0,0.6974
AB1_Baseline,Careless,0,40,0.7354,,0,0,0.6235
AB1_Baseline,Careless,0,40,0.8249,,0,0,0.6818
AB1_Baseline,Careless,1,31,0.85,31,0,0,0.7016
AB1_Baseline,Careless,1,27,0.8654,27,0,0,0.703
AB1_Baseline,Careless,1,32,0.8654,32,0,0,0.7066
AB1_Baseline,Careless,1,27,0.8557,27,0,0,0.6985
AB1_Baseline,Careless,0,40,0.8413,,0,0,0.6927
AB1_Baseline,Careless,1,13,0.8566,13,0,0,0.69
AB1_Baseline,Careless,1,20,0.8587,20,0,0,0.6987
AB1_Baseline,Careless,0,40,0.8283,,0,0,0.6903
AB1_Baseline,Careless,1,17,0.8667,17,0,0,0.7002
AB1_Baseline,Careless,0,40,0.798,,0,0,0.6753
AB1_Baseline,Careless,1,39,0.8659,39,0,0,0.7131
AB1_Baseline,Careless,1,34,0.8533,34,0,0,0.7056
AB1_Baseline,Careless,0,40,0.8184,,0,0,0.6909
AB1_Baseline,Careless,0,40,0.7804,,0,0,0.6526
AB1_Baseline,Careless,1,33,0.855,33,0,0,0.7
AB1_Baseline,Careless,1,14,0.8573,14,0,0,0.6916
AB1_Baseline,Careless,1,36,0.8702,36,0,0,0.7182
AB1_Baseline,Careless,1,24,0.8694,24,0,0,0.707
AB1_Baseline,Careless,0,40,0.7811,,0,0,0.6549
AB1_Baseline,Careless,0,40,0.8077,,0,0,0.6795
AB1_Baseline,Careless,1,20,0.8569,20,0,0,0.6979
AB1_Baseline,Careless,1,25,0.8642,25,0,0,0.7044
AB1_Baseline,Careless,1,33,0.8736,33,0,0,0.7196
AB1_Baseline,Careless,0,40,0.7355,,0,0,0.6208
AB1_Baseline,Careless,0,40,0.7839,,0,0,0.6597
AB1_Baseline,Careless,1,22,0.8502,22,0,0,0.6947
AB1_Baseline,Careless,1,25,0.8628,25,0,0,0.7038
AB1_Baseline,Careless,1,22,0.8626,22,0,0,0.7003
AB1_Baseline,Careless,1,27,0.8587,27,0,0,0.6963
AB1_Baseline,Careless,1,38,0.8541,38,0,0,0.7057
AB1_Baseline,Careless,1,36,0.8671,36,0,0,0.713
AB1_Baseline,Careless,0,40,0.7837,,0,0,0.6565
AB1_Baseline,Careless,1,18,0.8642,18,0,0,0.6982
AB1_Baseline,Careless,0,40,0.8431,,0,0,0.6944
AB1_Baseline,Careless,1,18,0.8552,18,0,0,0.6925
AB1_Baseline,Careless,1,24,0.8506,24,0,0,0.6932
AB1_Baseline,Careless,1,26,0.8563,26,0,0,0.6993
AB1_Baseline,Careless,1,33,0.8525,33,0,0,0.7064
AB1_Baseline,Careless,1,15,0.861,15,0,0,0.6984
AB1_Baseline,Careless,1,30,0.8518,30,0,0,0.6964
AB1_Baseline,Careless,1,26,0.8638,26,0,0,0.702
AB1_Baseline,Careless,0,40,0.7706,,0,0,0.6503
AB1_Baseline,Careless,1,35,0.851,35,0,0,0.6967
AB1_Baseline,Careless,1,22,0.854,22,0,0,0.6984
AB1_Baseline,Careless,0,40,0.8427,,0,0,0.6986
AB1_Baseline,Careless,1,32,0.8523,32,0,0,0.7026
AB1_Baseline,Careless,1,11,0.8631,11,0,0,0.6941
AB1_Baseline,Careless,0,40,0.7743,,0,0,0.6505
AB1_Baseline,Careless,1,18,0.8521,18,0,0,0.6894
AB1_Baseline,Careless,0,40,0.8295,,0,0,0.6898
AB1_Baseline,Careless,1,24,0.86,24,0,0,0.7035
AB1_Baseline,Careless,1,31,0.8574,31,0,0,0.7021
AB1_Baseline,Careless,1,40,0.8599,40,0,0,0.7082
AB1_Baseline,Careless,0,40,0.8456,,0,0,0.6995
AB1_Baseline,Careless,0,40,0.689,,0,0,0.587
AB1_Baseline,Careless,1,26,0.8532,26,0,0,0.6968
AB1_Baseline,Careless,1,23,0.8557,23,0,0,0.6966
AB1_Baseline,Careless,1,22,0.8594,22,0,0,0.6973
AB1_Baseline,Careless,0,40,0.7955,,0,0,0.6635
AB1_Baseline,Careless,1,19,0.8608,19,0,0,0.6952
AB1_Baseline,Careless,1,22,0.8608,22,0,0,0.6993
AB1_Baseline,Careless,1,23,0.8525,23,0,0,0.7024
AB1_Baseline,Careless,1,34,0.8699,34,0,0,0.7118
AB1_Baseline,Careless,1,18,0.8603,18,0,0,0.6966
AB1_Baseline,Careless,1,35,0.8636,35,0,0,0.7109
AB1_Baseline,Careless,1,24,0.8615,24,0,0,0.7022
AB1_Baseline,Careless,1,35,0.8514,35,0,0,0.7007
AB1_Baseline,Careless,1,20,0.8579,20,0,0,0.6975
AB1_Baseline,Careless,0,40,0.6747,,0,0,0.5753
AB1_Baseline,Careless,0,40,0.8179,,0,0,0.677
AB1_Baseline,Careless,1,38,0.8581,38,0,0,0.7075
AB1_Baseline,Careless,0,40,0.8494,,0,0,0.7032
AB1_Baseline,Weak,0,40,0.7487,,0,0,0.6028
AB1_Baseline,Weak,0,40,0.172,,0,0,0.1816
AB1_Baseline,Weak,0,40,0.5681,,0,0,0.4878
AB1_Baseline,Weak,0,40,0.2919,,0,0,0.2522
AB1_Baseline,Weak,0,40,0.7409,,0,0,0.6063
AB1_Baseline,Weak,0,40,0.6578,,0,0,0.5472
AB1_Baseline,Weak,0,40,0.4025,,0,0,0.339
AB1_Baseline,Weak,0,40,0.3877,,0,0,0.3596
AB1_Baseline,Weak,1,24,0.8529,24,0,0,0.6561
AB1_Baseline,Weak,0,40,0.6619,,0,0,0.5338
AB1_Baseline,Weak,0,40,0.176,,0,0,0.1836
AB1_Baseline,Weak,0,40,0.5748,,0,0,0.5076
AB1_Baseline,Weak,0,40,0.2795,,0,0,0.286
AB1_Baseline,Weak,0,40,0.4151,,0,0,0.4006
AB1_Baseline,Weak,0,40,0.7539,,0,0,0.6031
AB1_Baseline,Weak,0,40,0.4954,,0,0,0.3914
AB1_Baseline,Weak,0,40,0.6401,,0,0,0.5375
AB1_Baseline,Weak,0,40,0.2696,,0,0,0.2786
AB1_Baseline,Weak,1,30,0.8518,30,0,0,0.6657
AB1_Baseline,Weak,0,40,0.5749,,0,0,0.4821
AB1_Baseline,Weak,0,40,0.3552,,0,0,0.3351
AB1_Baseline,Weak,0,40,0.5226,,0,0,0.4252
AB1_Baseline,Weak,0,40,0.2634,,0,0,0.2377
AB1_Baseline,Weak,0,40,0.3818,,0,0,0.3472
AB1_Baseline,Weak,0,40,0.7602,,0,0,0.6126
AB1_Baseline,Weak,0,40,0.5507,,0,0,0.4531
AB1_Baseline,Weak,0,40,0.5329,,0,0,0.4446
AB1_Baseline,Weak,0,40,0.4103,,0,0,0.3367
AB1_Baseline,Weak,0,40,0.5981,,0,0,0.5167
AB1_Baseline,Weak,0,40,0.5131,,0,0,0.4078
AB1_Baseline,Weak,1,36,0.8539,36,0,0,0.67
AB1_Baseline,Weak,0,40,0.2538,,0,0,0.2336
AB1_Baseline,Weak,0,40,0.8236,,0,0,0.6561
AB1_Baseline,Weak,0,40,0.4407,,0,0,0.363
AB1_Baseline,Weak,0,40,0.3719,,0,0,0.3336
AB1_Baseline,Weak,0,40,0.5486,,0,0,0.4561
AB1_Baseline,Weak,0,40,0.1932,,0,0,0.2177
AB1_Baseline,Weak,0,40,0.5349,,0,0,0.4229
AB1_Baseline,Weak,0,40,0.5751,,0,0,0.4814
AB1_Baseline,Weak,0,40,0.2452,,0,0,0.2545
AB1_Baseline,Weak,0,40,0.4055,,0,0,0.3605
AB1_Baseline,Weak,0,40,0.5431,,0,0,0.4717
AB1_Baseline,Weak,0,40,0.5705,,0,0,0.4944
AB1_Baseline,Weak,0,40,0.6831,,0,0,0.5536
AB1_Baseline,Weak,0,40,0.7537,,0,0,0.6054
AB1_Baseline,Weak,1,36,0.8617,36,0,0,0.6738
AB1_Baseline,Weak,0,40,0.7801,,0,0,0.6168
AB1_Baseline,Weak,0,40,0.3203,,0,0,0.275
AB1_Baseline,Weak,0,40,0.3162,,0,0,0.2802
AB1_Baseline,Weak,0,40,0.6003,,0,0,0.4939
AB1_Baseline,Weak,0,40,0.2865,,0,0,0.2646
AB1_Baseline,Weak,0,40,0.2619,,0,0,0.2447
AB1_Baseline,Weak,0,40,0.5618,,0,0,0.4655
AB1_Baseline,Weak,0,40,0.5197,,0,0,0.4322
AB1_Baseline,Weak,0,40,0.3589,,0,0,0.3072
AB1_Baseline,Weak,1,25,0.8578,25,0,0,0.6635
AB1_Baseline,Weak,0,40,0.7548,,0,0,0.5971
AB1_Baseline,Weak,0,40,0.2425,,0,0,0.2148
AB1_Baseline,Weak,0,40,0.4741,,0,0,0.4128
AB1_Baseline,Weak,0,40,0.0,,0,0,0.098
AB1_Baseline,Weak,0,40,0.6634,,0,0,0.5201
AB1_Baseline,Weak,0,40,0.5072,,0,0,0.4491
AB1_Baseline,Weak,0,40,0.3119,,0,0,0.2662
AB1_Baseline,Weak,0,40,0.7132,,0,0,0.5802
AB1_Baseline,Weak,0,40,0.8071,,0,0,0.6464
AB1_Baseline,Weak,0,40,0.6612,,0,0,0.5359
AB1_Baseline,Weak,0,40,0.6739,,0,0,0.54
AB1_Baseline,Weak,0,40,0.0609,,0,0,0.1272
AB1_Baseline,Weak,0,40,0.3424,,0,0,0.3188
AB1_Baseline,Weak,0,40,0.3775,,0,0,0.3224
AB1_Baseline,Weak,0,40,0.7649,,0,0,0.6032
AB1_Baseline,Weak,0,40,0.6546,,0,0,0.5175
AB1_Baseline,Weak,0,40,0.6056,,0,0,0.4845
AB1_Baseline,Weak,1,39,0.8638,39,0,0,0.6784
AB1_Baseline,Weak,0,40,0.4104,,0,0,0.3388
AB1_Baseline,Weak,0,40,0.6847,,0,0,0.5435
AB1_Baseline,Weak,0,40,0.3635,,0,0,0.3464
AB1_Baseline,Weak,0,40,0.6552,,0,0,0.5245
AB1_Baseline,Weak,0,40,0.4735,,0,0,0.3963
AB1_Baseline,Weak,0,40,0.4622,,0,0,0.374
AB1_Baseline,Weak,0,40,0.4928,,0,0,0.4403
AB1_Baseline,Weak,0,40,0.5936,,0,0,0.4873
AB1_Baseline,Weak,0,40,0.644,,0,0,0.5282
AB1_Baseline,Weak,0,40,0.5986,,0,0,0.494
AB1_Baseline,Weak,0,40,0.7678,,0,0,0.5998
AB1_Baseline,Weak,0,40,0.7885,,0,0,0.6177
AB1_Baseline,Weak,0,40,0.7474,,0,0,0.6048
AB1_Baseline,Weak,0,40,0.5318,,0,0,0.4552
AB1_Baseline,Weak,0,40,0.1518,,0,0,0.1776
AB1_Baseline,Weak,0,40,0.6005,,0,0,0.5264
AB1_Baseline,Weak,0,40,0.7702,,0,0,0.6263
AB1_Baseline,Weak,0,40,0.4636,,0,0,0.3792
AB1_Baseline,Weak,0,40,0.6002,,0,0,0.4798
AB1_Baseline,Weak,0,40,0.3786,,0,0,0.3311
AB1_Baseline,Weak,0,40,0.6802,,0,0,0.5627
AB1_Baseline,Weak,1,28,0.8579,28,0,0,0.6659
AB1_Baseline,Weak,0,40,0.2198,,0,0,0.1995
AB1_Baseline,Weak,0,40,0.793,,0,0,0.6322
AB1_Baseline,Weak,1,39,0.8576,39,0,0,0.6827
AB1_Baseline,Weak,0,40,0.5923,,0,0,0.513
AB1_Baseline,Average,0,40,0.8288,,0,0,0.6714
AB1_Baseline,Average,0,40,0.5881,,0,0,0.5068
AB1_Baseline,Average,0,40,0.7142,,0,0,0.5984
AB1_Baseline,Average,0,40,0.7263,,0,0,0.5903
AB1_Baseline,Average,0,40,0.8238,,0,0,0.6783
AB1_Baseline,Average,0,40,0.8299,,0,0,0.6709
AB1_Baseline,Average,0,40,0.8147,,0,0,0.6709
AB1_Baseline,Average,0,40,0.7478,,0,0,0.6111
AB1_Baseline,Average,1,36,0.8584,36,0,0,0.6956
AB1_Baseline,Average,1,23,0.8671,23,0,0,0.6847
AB1_Baseline,Average,0,40,0.7768,,0,0,0.6266
AB1_Baseline,Average,1,31,0.8558,31,0,0,0.6789
AB1_Baseline,Average,1,40,0.8545,40,0,0,0.686
AB1_Baseline,Average,0,40,0.7865,,0,0,0.6539
AB1_Baseline,Average,0,40,0.7404,,0,0,0.6291
AB1_Baseline,Average,1,38,0.85,38,0,0,0.6838
AB1_Baseline,Average,0,40,0.6929,,0,0,0.5795
AB1_Baseline,Average,0,40,0.5644,,0,0,0.4799
AB1_Baseline,Average,1,19,0.8621,19,0,0,0.6813
AB1_Baseline,Average,1,31,0.8618,31,0,0,0.6891
AB1_Baseline,Average,1,29,0.8591,29,0,0,0.679
AB1_Baseline,Average,0,40,0.8016,,0,0,0.6535
AB1_Baseline,Average,1,40,0.8594,40,0,0,0.6959
AB1_Baseline,Average,0,40,0.4785,,0,0,0.4226
AB1_Baseline,Average,0,40,0.7529,,0,0,0.6225
AB1_Baseline,Average,0,40,0.4472,,0,0,0.406
AB1_Baseline,Average,0,40,0.5919,,0,0,0.5223
AB1_Baseline,Average,1,36,0.8808,36,0,0,0.7064
AB1_Baseline,Average,0,40,0.776,,0,0,0.6467
AB1_Baseline,Average,1,27,0.8698,27,0,0,0.6909
AB1_Baseline,Average,1,26,0.8535,26,0,0,0.6775
AB1_Baseline,Average,0,40,0.7237,,0,0,0.6192
AB1_Baseline,Average,0,40,0.697,,0,0,0.5851
AB1_Baseline,Average,1,31,0.8647,31,0,0,0.6849
AB1_Baseline,Average,0,40,0.4852,,0,0,0.4185
AB1_Baseline,Average,1,37,0.8548,37,0,0,0.6895
AB1_Baseline,Average,1,37,0.8684,37,0,0,0.7025
AB1_Baseline,Average,0,40,0.7885,,0,0,0.6573
AB1_Baseline,Average,1,33,0.8549,33,0,0,0.6781
AB1_Baseline,Average,0,40,0.8338,,0,0,0.6738
AB1_Baseline,Average,1,20,0.8585,20,0,0,0.6726
AB1_Baseline,Average,0,40,0.5513,,0,0,0.4669
AB1_Baseline,Average,1,35,0.8512,35,0,0,0.6955
AB1_Baseline,Average,0,40,0.7,,0,0,0.5763
AB1_Baseline,Average,1,21,0.8504,21,0,0,0.6767
AB1_Baseline,Average,0,40,0.4574,,0,0,0.4255
AB1_Baseline,Average,1,36,0.8556,36,0,0,0.6924
AB1_Baseline,Average,0,40,0.8009,,0,0,0.663
AB1_Baseline,Average,1,22,0.8532,22,0,0,0.6806
AB1_Baseline,Average,0,40,0.3938,,0,0,0.3895
AB1_Baseline,Average,1,21,0.8676,21,0,0,0.6936
AB1_Baseline,Average,0,40,0.8474,,0,0,0.6864
AB1_Baseline,Average,1,30,0.8522,30,0,0,0.684
AB1_Baseline,Average,1,17,0.8512,17,0,0,0.664
AB1_Baseline,Average,1,29,0.8615,29,0,0,0.6904
AB1_Baseline,Average,1,28,0.8583,28,0,0,0.682
AB1_Baseline,Average,1,30,0.8554,30,0,0,0.6812
AB1_Baseline,Average,0,40,0.832,,0,0,0.6772
AB1_Baseline,Average,1,28,0.8652,28,0,0,0.6888
AB1_Baseline,Average,1,34,0.859,34,0,0,0.6954
AB1_Baseline,Average,0,40,0.7765,,0,0,0.6437
AB1_Baseline,Average,1,31,0.8675,31,0,0,0.6964
AB1_Baseline,Average,1,12,0.8668,12,0,0,0.6755
AB1_Baseline,Average,1,16,0.8568,16,0,0,0.6698
AB1_Baseline,Average,1,33,0.868,33,0,0,0.7066
AB1_Baseline,Average,1,33,0.85,33,0,0,0.6759
AB1_Baseline,Average,0,40,0.6383,,0,0,0.5602
AB1_Baseline,Average,0,40,0.6776,,0,0,0.5554
AB1_Baseline,Average,1,17,0.8509,17,0,0,0.6654
AB1_Baseline,Average,1,21,0.8558,21,0,0,0.6729
AB1_Baseline,Average,0,40,0.744,,0,0,0.613
AB1_Baseline,Average,0,40,0.7273,,0,0,0.6067
AB1_Baseline,Average,0,40,0.6677,,0,0,0.5737
AB1_Baseline,Average,0,40,0.8386,,0,0,0.6754
AB1_Baseline,Average,1,36,0.8607,36,0,0,0.6862
AB1_Baseline,Average,0,40,0.8222,,0,0,0.6784
AB1_Baseline,Average,1,30,0.8721,30,0,0,0.696
AB1_Baseline,Average,1,34,0.8689,34,0,0,0.703
AB1_Baseline,Average,1,24,0.8517,24,0,0,0.6828
AB1_Baseline,Average,1,30,0.8509,30,0,0,0.685
AB1_Baseline,Average,1,20,0.855,20,0,0,0.6732
AB1_Baseline,Average,0,40,0.7053,,0,0,0.5825
AB1_Baseline,Average,1,24,0.8645,24,0,0,0.6818
AB1_Baseline,Average,0,40,0.748,,0,0,0.6112
AB1_Baseline,Average,0,40,0.7682,,0,0,0.6389
AB1_Baseline,Average,0,40,0.633,,0,0,0.535
AB1_Baseline,Average,0,40,0.7636,,0,0,0.6214
AB1_Baseline,Average,1,20,0.8582,20,0,0,0.673
AB1_Baseline,Average,0,40,0.7511,,0,0,0.6181
AB1_Baseline,Average,1,35,0.8582,35,0,0,0.6944
AB1_Baseline,Average,0,40,0.5756,,0,0,0.5143
AB1_Baseline,Average,0,40,0.7448,,0,0,0.6268
AB1_Baseline,Average,0,40,0.6479,,0,0,0.5423
AB1_Baseline,Average,1,21,0.8513,21,0,0,0.675
AB1_Baseline,Average,1,36,0.862,36,0,0,0.7036
AB1_Baseline,Average,0,40,0.5008,,0,0,0.4597
AB1_Baseline,Average,1,33,0.8563,33,0,0,0.6874
AB1_Baseline,Average,0,40,0.6685,,0,0,0.5575
AB1_Baseline,Average,1,22,0.8576,22,0,0,0.677
AB1_Baseline,Average,1,40,0.8711,40,0,0,0.7119
AB2_RuleBased,Careless,0,40,0.8393,,22,3,0.7461
AB2_RuleBased,Careless,0,40,0.7528,,25,2,0.7137
AB2_RuleBased,Careless,0,40,0.7763,,24,2,0.7178
AB2_RuleBased,Careless,0,40,0.7975,,24,1,0.7376
AB2_RuleBased,Careless,0,40,0.7957,,24,2,0.734
AB2_RuleBased,Careless,0,40,0.725,,26,1,0.6717
AB2_RuleBased,Careless,0,40,0.829,,22,6,0.7538
AB2_RuleBased,Careless,0,40,0.6906,,27,0,0.6758
AB2_RuleBased,Careless,0,40,0.6964,,26,0,0.6838
AB2_RuleBased,Careless,0,40,0.7166,,26,1,0.6897
AB2_RuleBased,Careless,1,36,0.8711,36,18,1,0.7759
AB2_RuleBased,Careless,0,40,0.6519,,27,0,0.6577
AB2_RuleBased,Careless,0,40,0.7738,,24,0,0.7163
AB2_RuleBased,Careless,1,39,0.8516,39,21,2,0.7684
AB2_RuleBased,Careless,0,40,0.7116,,26,1,0.6757
AB2_RuleBased,Careless,0,40,0.8147,,21,1,0.7492
AB2_RuleBased,Careless,0,40,0.7365,,25,2,0.6972
AB2_RuleBased,Careless,0,40,0.8133,,23,2,0.7494
AB2_RuleBased,Careless,0,40,0.7774,,24,5,0.727
AB2_RuleBased,Careless,0,40,0.8453,,21,3,0.766
AB2_RuleBased,Careless,0,40,0.8088,,24,4,0.7403
AB2_RuleBased,Careless,1,40,0.8542,40,21,3,0.762
AB2_RuleBased,Careless,1,35,0.8551,35,18,2,0.7745
AB2_RuleBased,Careless,0,40,0.7842,,24,6,0.7343
AB2_RuleBased,Careless,0,40,0.7922,,24,2,0.7326
AB2_RuleBased,Careless,0,40,0.7508,,24,0,0.7159
AB2_RuleBased,Careless,1,32,0.8523,32,15,2,0.7444
AB2_RuleBased,Careless,1,35,0.8507,35,18,2,0.7654
AB2_RuleBased,Careless,0,40,0.767,,24,3,0.7228
AB2_RuleBased,Careless,0,40,0.7802,,24,4,0.7274
AB2_RuleBased,Careless,0,40,0.7753,,24,1,0.7211
AB2_RuleBased,Careless,1,31,0.8539,31,15,3,0.7475
AB2_RuleBased,Careless,0,40,0.7824,,24,2,0.7257
AB2_RuleBased,Careless,0,40,0.7506,,25,4,0.7126
AB2_RuleBased,Careless,0,40,0.7456,,24,3,0.7071
AB2_RuleBased,Careless,1,27,0.8589,27,12,1,0.7649
AB2_RuleBased,Careless,0,40,0.8058,,24,5,0.7406
AB2_RuleBased,Careless,0,40,0.6967,,26,0,0.673
AB2_RuleBased,Careless,1,27,0.8508,27,12,2,0.7471
AB2_RuleBased,Careless,0,40,0.7334,,24,3,0.6993
AB2_RuleBased,Careless,0,40,0.8043,,22,3,0.7332
AB2_RuleBased,Careless,1,19,0.8561,19,6,1,0.7377
AB2_RuleBased,Careless,1,19,0.8624,19,6,1,0.7623
AB2_RuleBased,Careless,1,36,0.8673,36,18,1,0.7787
AB2_RuleBased,Careless,0,40,0.7923,,24,3,0.73
AB2_RuleBased,Careless,0,40,0.6815,,27,0,0.6741
AB2_RuleBased,Careless,0,40,0.7888,,24,3,0.7209
AB2_RuleBased,Careless,0,40,0.7702,,24,1,0.7254
AB2_RuleBased,Careless,0,40,0.8152,,22,4,0.7226
AB2_RuleBased,Careless,0,40,0.7055,,27,0,0.6865
AB2_RuleBased,Careless,0,40,0.7895,,24,1,0.7349
AB2_RuleBased,Careless,0,40,0.7782,,24,0,0.7239
AB2_RuleBased,Careless,1,35,0.8516,35,18,3,0.7599
AB2_RuleBased,Careless,0,40,0.8439,,21,5,0.7612
AB2_RuleBased,Careless,1,40,0.8562,40,21,4,0.7637
AB2_RuleBased,Careless,1,33,0.8684,33,15,2,0.774
AB2_RuleBased,Careless,0,40,0.8182,,23,1,0.7526
AB2_RuleBased,Careless,0,40,0.7737,,22,4,0.7267
AB2_RuleBased,Careless,0,40,0.7958,,23,3,0.733
AB2_RuleBased,Careless,0,40,0.7444,,25,5,0.7077
AB2_RuleBased,Careless,0,40,0.7962,,24,2,0.7298
AB2_RuleBased,Careless,1,32,0.8501,32,15,0,0.7497
AB2_RuleBased,Careless,1,23,0.8549,23,9,0,0.7674
AB2_RuleBased,Careless,0,40,0.7385,,26,2,0.7085
AB2_RuleBased,Careless,0,40,0.8365,,20,5,0.7356
AB2_RuleBased,Careless,1,23,0.857,23,9,0,0.7576
AB2_RuleBased,Careless,0,40,0.7789,,24,3,0.7296
AB2_RuleBased,Careless,0,40,0.7441,,25,5,0.6928
AB2_RuleBased,Careless,0,40,0.8002,,24,2,0.7354
AB2_RuleBased,Careless,1,40,0.8582,40,21,3,0.7761
AB2_RuleBased,Careless,1,40,0.8633,40,21,5,0.7796
AB2_RuleBased,Careless,0,40,0.7453,,25,1,0.7076
AB2_RuleBased,Careless,0,40,0.7929,,24,2,0.7293
AB2_RuleBased,Careless,0,40,0.6604,,27,0,0.6587
AB2_RuleBased,Careless,0,40,0.77,,24,1,0.7191
AB2_RuleBased,Careless,0,40,0.7994,,24,2,0.7398
AB2_RuleBased,Careless,0,40,0.6764,,27,0,0.6593
AB2_RuleBased,Careless,0,40,0.8435,,21,1,0.7615
AB2_RuleBased,Careless,0,40,0.8326,,21,3,0.7372
AB2_RuleBased,Careless,1,19,0.8524,19,6,0,0.7365
AB2_RuleBased,Careless,0,40,0.6544,,27,0,0.6606
AB2_RuleBased,Careless,0,40,0.8383,,21,5,0.7459
AB2_RuleBased,Careless,0,40,0.6831,,27,0,0.6713
AB2_RuleBased,Careless,0,40,0.7949,,24,3,0.7285
AB2_RuleBased,Careless,0,40,0.8093,,24,2,0.7441
AB2_RuleBased,Careless,1,30,0.8766,30,12,0,0.7654
AB2_RuleBased,Careless,0,40,0.7247,,25,1,0.6913
AB2_RuleBased,Careless,0,40,0.8065,,23,6,0.7263
AB2_RuleBased,Careless,0,40,0.8124,,23,1,0.7443
AB2_RuleBased,Careless,0,40,0.7928,,24,4,0.7333
AB2_RuleBased,Careless,1,36,0.8576,36,18,1,0.7692
AB2_RuleBased,Careless,0,40,0.8226,,22,5,0.7488
AB2_RuleBased,Careless,0,40,0.8152,,22,4,0.7466
AB2_RuleBased,Careless,1,23,0.8521,23,9,0,0.7567
AB2_RuleBased,Careless,0,40,0.8018,,24,4,0.7396
AB2_RuleBased,Careless,0,40,0.7498,,24,5,0.7017
AB2_RuleBased,Careless,0,40,0.7236,,25,1,0.6976
AB2_RuleBased,Careless,1,27,0.8576,27,12,1,0.746
AB2_RuleBased,Careless,0,40,0.834,,22,5,0.759
AB2_RuleBased,Careless,0,40,0.7985,,24,6,0.7376
AB2_RuleBased,Weak,1,32,0.8521,32,15,1,0.7727
AB2_RuleBased,Weak,1,37,0.8541,37,18,0,0.7505
AB2_RuleBased,Weak,0,40,0.7192,,24,0,0.6985
AB2_RuleBased,Weak,1,40,0.857,40,21,0,0.7757
AB2_RuleBased,Weak,1,37,0.8611,37,18,1,0.7631
AB2_RuleBased,Weak,0,40,0.6179,,27,0,0.6221
AB2_RuleBased,Weak,0,40,0.8399,,20,0,0.7634
AB2_RuleBased,Weak,0,40,0.489,,28,0,0.4814
AB2_RuleBased,Weak,0,40,0.6765,,25,0,0.6735
AB2_RuleBased,Weak,0,40,0.8209,,21,1,0.7485
AB2_RuleBased,Weak,0,40,0.6815,,24,0,0.6726
AB2_RuleBased,Weak,0,40,0.6945,,25,0,0.6783
AB2_RuleBased,Weak,0,40,0.6434,,27,0,0.6494
AB2_RuleBased,Weak,0,40,0.4716,,27,0,0.4718
AB2_RuleBased,Weak,0,40,0.8092,,21,1,0.7395
AB2_RuleBased,Weak,0,40,0.7726,,23,0,0.6942
AB2_RuleBased,Weak,1,37,0.858,37,18,0,0.7773
AB2_RuleBased,Weak,0,40,0.4761,,27,0,0.5112
AB2_RuleBased,Weak,0,40,0.7566,,24,0,0.7092
AB2_RuleBased,Weak,0,40,0.641,,27,0,0.6419
AB2_RuleBased,Weak,1,33,0.8663,33,15,0,0.7639
AB2_RuleBased,Weak,0,40,0.6683,,27,0,0.6584
AB2_RuleBased,Weak,1,37,0.8555,37,18,0,0.7592
AB2_RuleBased,Weak,1,30,0.8568,30,12,0,0.7646
AB2_RuleBased,Weak,0,40,0.675,,25,0,0.6655
AB2_RuleBased,Weak,0,40,0.7211,,27,0,0.6923
AB2_RuleBased,Weak,0,40,0.816,,23,1,0.7279
AB2_RuleBased,Weak,0,40,0.5988,,26,0,0.6054
AB2_RuleBased,Weak,0,40,0.5942,,24,0,0.5805
AB2_RuleBased,Weak,0,40,0.7668,,24,0,0.7248
AB2_RuleBased,Weak,1,29,0.8553,29,12,1,0.7666
AB2_RuleBased,Weak,0,40,0.4395,,28,0,0.5082
AB2_RuleBased,Weak,0,40,0.6947,,25,0,0.6828
AB2_RuleBased,Weak,1,36,0.8528,36,18,0,0.7083
AB2_RuleBased,Weak,1,38,0.86,38,18,1,0.7657
AB2_RuleBased,Weak,1,32,0.853,,15,0,0.7166
AB2_RuleBased,Weak,0,40,0.7714,,24,0,0.7255
AB2_RuleBased,Weak,0,40,0.7971,,24,0,0.7238
AB2_RuleBased,Weak,0,40,0.641,,27,0,0.6527
AB2_RuleBased,Weak,1,25,0.8513,25,9,0,0.7108
AB2_RuleBased,Weak,0,40,0.5307,,27,0,0.5541
AB2_RuleBased,Weak,0,40,0.7338,,24,0,0.7066
AB2_RuleBased,Weak,0,40,0.8172,,22,1,0.7395
AB2_RuleBased,Weak,0,40,0.8178,,24,2,0.7467
AB2_RuleBased,Weak,0,40,0.6846,,27,0,0.6788
AB2_RuleBased,Weak,0,40,0.8053,,24,0,0.7394
AB2_RuleBased,Weak,0,40,0.8208,,21,1,0.7467
AB2_RuleBased,Weak,0,40,0.7543,,24,0,0.7148
AB2_RuleBased,Weak,0,40,0.6857,,24,0,0.6484
AB2_RuleBased,Weak,0,40,0.5283,,26,0,0.5009
AB2_RuleBased,Weak,0,40,0.3437,,27,0,0.3362
AB2_RuleBased,Weak,1,30,0.8555,30,12,0,0.7379
AB2_RuleBased,Weak,0,40,0.7976,,24,0,0.7392
AB2_RuleBased,Weak,0,40,0.5823,,28,0,0.6105
AB2_RuleBased,Weak,0,40,0.8089,,23,0,0.7343
AB2_RuleBased,Weak,0,40,0.8058,,21,0,0.7435
AB2_RuleBased,Weak,0,40,0.6858,,26,0,0.6754
AB2_RuleBased,Weak,0,40,0.8419,,21,0,0.7551
AB2_RuleBased,Weak,1,36,0.8532,36,18,0,0.7623
AB2_RuleBased,Weak,0,40,0.4989,,27,0,0.5625
AB2_RuleBased,Weak,0,40,0.6106,,27,0,0.6358
AB2_RuleBased,Weak,1,30,0.8696,30,12,0,0.7678
AB2_RuleBased,Weak,0,40,0.7266,,25,0,0.6905
AB2_RuleBased,Weak,0,40,0.7264,,24,0,0.7015
AB2_RuleBased,Weak,0,40,0.8006,,21,0,0.714
AB2_RuleBased,Weak,0,40,0.6608,,25,0,0.6625
AB2_RuleBased,Weak,0,40,0.7237,,25,1,0.6838
AB2_RuleBased,Weak,0,40,0.7328,,24,0,0.6968
AB2_RuleBased,Weak,0,40,0.827,,21,0,0.7509
AB2_RuleBased,Weak,0,40,0.7947,,23,1,0.7375
AB2_RuleBased,Weak,0,40,0.7626,,24,0,0.7208
AB2_RuleBased,Weak,0,40,0.8325,,21,0,0.7597
AB2_RuleBased,Weak,0,40,0.7355,,25,1,0.7071
AB2_RuleBased,Weak,0,40,0.7488,,24,1,0.7101
AB2_RuleBased,Weak,0,40,0.6895,,24,0,0.6786
AB2_RuleBased,Weak,0,40,0.8484,,21,1,0.7716
AB2_RuleBased,Weak,0,40,0.7095,,27,0,0.6892
AB2_RuleBased,Weak,1,37,0.8644,37,18,1,0.7781
AB2_RuleBased,Weak,0,40,0.8418,,21,0,0.7635
AB2_RuleBased,Weak,1,34,0.8608,34,15,0,0.7776
AB2_RuleBased,Weak,0,40,0.766,,23,1,0.7137
AB2_RuleBased,Weak,0,40,0.5937,,29,0,0.6262
AB2_RuleBased,Weak,0,40,0.5337,,27,0,0.58
AB2_RuleBased,Weak,0,40,0.7172,,24,0,0.6789
AB2_RuleBased,Weak,0,40,0.7907,,21,1,0.7252
AB2_RuleBased,Weak,0,40,0.7389,,23,0,0.688
AB2_RuleBased,Weak,0,40,0.7848,,21,0,0.7342
AB2_RuleBased,Weak,0,40,0.7524,,24,0,0.7038
AB2_RuleBased,Weak,0,40,0.3934,,29,0,0.4231
AB2_RuleBased,Weak,0,40,0.4586,,30,0,0.465
AB2_RuleBased,Weak,1,21,0.8524,21,6,0,0.7151
AB2_RuleBased,Weak,1,33,0.863,33,15,0,0.7723
AB2_RuleBased,Weak,0,40,0.7782,,24,0,0.7321
AB2_RuleBased,Weak,0,40,0.7058,,27,0,0.6842
AB2_RuleBased,Weak,0,40,0.7938,,21,0,0.7267
AB2_RuleBased,Weak,1,37,0.8506,37,18,0,0.7679
AB2_RuleBased,Weak,0,40,0.7557,,25,0,0.7109
AB2_RuleBased,Weak,0,40,0.598,,27,0,0.6261
AB2_RuleBased,Weak,0,40,0.6949,,25,0,0.6794
AB2_RuleBased,Weak,0,40,0.6103,,27,0,0.6331
AB2_RuleBased,Average,0,40,0.7101,,26,0,0.6788
AB2_RuleBased,Average,0,40,0.8238,,23,3,0.7545
AB2_RuleBased,Average,0,40,0.6971,,27,0,0.669
AB2_RuleBased,Average,1,35,0.8574,35,18,1,0.7688
AB2_RuleBased,Average,1,35,0.8571,35,18,0,0.775
AB2_RuleBased,Average,0,40,0.8024,,22,0,0.7327
AB2_RuleBased,Average,0,40,0.6665,,27,0,0.6619
AB2_RuleBased,Average,0,40,0.7934,,24,1,0.7401
AB2_RuleBased,Average,0,40,0.8162,,23,1,0.7474
AB2_RuleBased,Average,0,40,0.6913,,27,0,0.6789
AB2_RuleBased,Average,0,40,0.7025,,27,0,0.6891
AB2_RuleBased,Average,0,40,0.8469,,21,1,0.7638
AB2_RuleBased,Average,1,31,0.8509,31,15,0,0.7714
AB2_RuleBased,Average,0,40,0.8214,,24,0,0.7558
AB2_RuleBased,Average,0,40,0.8371,,21,1,0.7647
AB2_RuleBased,Average,1,32,0.8607,32,15,0,0.7776
AB2_RuleBased,Average,1,36,0.8532,36,18,1,0.7721
AB2_RuleBased,Average,0,40,0.7673,,24,1,0.7086
AB2_RuleBased,Average,0,40,0.7811,,24,1,0.7317
AB2_RuleBased,Average,1,28,0.8619,28,12,0,0.7741
AB2_RuleBased,Average,0,40,0.8296,,21,0,0.7604
AB2_RuleBased,Average,0,40,0.8361,,23,2,0.7518
AB2_RuleBased,Average,1,32,0.8541,32,15,1,0.7696
AB2_RuleBased,Average,1,31,0.8625,31,15,3,0.7763
AB2_RuleBased,Average,1,39,0.8583,39,21,3,0.7723
AB2_RuleBased,Average,0,40,0.7803,,24,2,0.7332
AB2_RuleBased,Average,1,40,0.8576,40,21,1,0.7773
AB2_RuleBased,Average,0,40,0.8138,,24,0,0.7466
AB2_RuleBased,Average,1,16,0.8619,16,3,0,0.7096
AB2_RuleBased,Average,1,31,0.8548,31,15,0,0.7735
AB2_RuleBased,Average,0,40,0.8325,,21,1,0.7327
AB2_RuleBased,Average,1,35,0.8509,35,18,1,0.7695
AB2_RuleBased,Average,0,40,0.7649,,24,3,0.7237
AB2_RuleBased,Average,0,40,0.805,,24,1,0.7473
AB2_RuleBased,Average,1,33,0.8663,33,15,0,0.7765
AB2_RuleBased,Average,0,40,0.7399,,26,0,0.7106
AB2_RuleBased,Average,0,40,0.8143,,24,1,0.7486
AB2_RuleBased,Average,1,37,0.863,37,18,0,0.7537
AB2_RuleBased,Average,0,40,0.7257,,25,1,0.7013
AB2_RuleBased,Average,0,40,0.7771,,24,2,0.6971
AB2_RuleBased,Average,0,40,0.8278,,24,4,0.7482
AB2_RuleBased,Average,0,40,0.793,,22,0,0.724
AB2_RuleBased,Average,0,40,0.8457,,22,3,0.762
AB2_RuleBased,Average,1,36,0.8633,36,18,2,0.7742
AB2_RuleBased,Average,0,40,0.8021,,24,2,0.7458
AB2_RuleBased,Average,0,40,0.8359,,23,3,0.7627
AB2_RuleBased,Average,1,36,0.8611,36,18,0,0.7784
AB2_RuleBased,Average,1,36,0.8569,36,18,3,0.7702
AB2_RuleBased,Average,0,40,0.7441,,25,1,0.7102
AB2_RuleBased,Average,1,31,0.8516,31,15,1,0.7704
AB2_RuleBased,Average,0,40,0.8252,,23,4,0.7576
AB2_RuleBased,Average,1,32,0.8567,32,15,0,0.7736
AB2_RuleBased,Average,0,40,0.8033,,24,1,0.7404
AB2_RuleBased,Average,0,40,0.8275,,21,1,0.75
AB2_RuleBased,Average,0,40,0.7931,,24,2,0.7357
AB2_RuleBased,Average,0,40,0.7795,,23,0,0.7313
AB2_RuleBased,Average,1,20,0.8598,20,6,0,0.7526
AB2_RuleBased,Average,1,19,0.8503,19,6,0,0.7308
AB2_RuleBased,Average,0,40,0.707,,24,0,0.6785
AB2_RuleBased,Average,0,40,0.6528,,27,0,0.66
AB2_RuleBased,Average,1,35,0.8615,35,18,2,0.7661
AB2_RuleBased,Average,0,40,0.8153,,24,3,0.7454
AB2_RuleBased,Average,0,40,0.8253,,22,1,0.7507
AB2_RuleBased,Average,0,40,0.8193,,22,0,0.7526
AB2_RuleBased,Average,1,20,0.8736,20,6,2,0.7445
AB2_RuleBased,Average,0,40,0.7774,,24,2,0.7315
AB2_RuleBased,Average,1,39,0.8625,39,21,2,0.7712
AB2_RuleBased,Average,1,40,0.8637,40,21,0,0.7774
AB2_RuleBased,Average,0,40,0.8007,,22,1,0.7371
AB2_RuleBased,Average,0,40,0.804,,24,0,0.7457
AB2_RuleBased,Average,0,40,0.7603,,25,0,0.6549
AB2_RuleBased,Average,0,40,0.7908,,24,0,0.7242
AB2_RuleBased,Average,1,32,0.8606,32,15,0,0.7639
AB2_RuleBased,Average,0,40,0.8034,,24,1,0.7425
AB2_RuleBased,Average,1,40,0.8619,40,21,0,0.7777
AB2_RuleBased,Average,1,36,0.8563,36,18,2,0.7738
AB2_RuleBased,Average,0,40,0.6802,,27,0,0.676
AB2_RuleBased,Average,0,40,0.5949,,28,0,0.6146
AB2_RuleBased,Average,0,40,0.7968,,24,0,0.7353
AB2_RuleBased,Average,0,40,0.8062,,22,3,0.7361
AB2_RuleBased,Average,0,40,0.7597,,24,0,0.7196
AB2_RuleBased,Average,1,24,0.8641,24,9,1,0.7623
AB2_RuleBased,Average,1,32,0.8588,32,15,0,0.7524
AB2_RuleBased,Average,0,40,0.8139,,24,1,0.7473
AB2_RuleBased,Average,1,28,0.8528,28,12,0,0.7685
AB2_RuleBased,Average,1,39,0.8619,39,21,0,0.7768
AB2_RuleBased,Average,1,28,0.8634,28,12,1,0.7574
AB2_RuleBased,Average,1,32,0.868,32,15,1,0.7424
AB2_RuleBased,Average,1,39,0.8593,39,21,0,0.7581
AB2_RuleBased,Average,1,39,0.8612,39,21,0,0.7735
AB2_RuleBased,Average,1,36,0.8559,36,18,2,0.7604
AB2_RuleBased,Average,1,24,0.8594,24,9,2,0.7636
AB2_RuleBased,Average,1,24,0.8526,24,9,0,0.7451
AB2_RuleBased,Average,0,40,0.8119,,21,2,0.7485
AB2_RuleBased,Average,0,40,0.6514,,27,0,0.6427
AB2_RuleBased,Average,1,31,0.8588,31,15,2,0.7754
AB2_RuleBased,Average,0,40,0.8203,,24,2,0.7518
AB2_RuleBased,Average,0,40,0.6791,,24,0,0.6541
AB2_RuleBased,Average,1,39,0.8551,39,21,2,0.7715
AB2_RuleBased,Average,0,40,0.8294,,21,0,0.7583
AB3_PPO_Dynamic,Careless,0,40,0.7867,,9,4,0.7182
AB3_PPO_Dynamic,Careless,1,35,0.8588,35,6,2,0.7378
AB3_PPO_Dynamic,Careless,1,36,0.851,36,8,2,0.7557
AB3_PPO_Dynamic,Careless,1,32,0.8692,32,4,1,0.7392
AB3_PPO_Dynamic,Careless,0,40,0.8191,,8,1,0.7272
AB3_PPO_Dynamic,Careless,0,40,0.826,,6,1,0.7137
AB3_PPO_Dynamic,Careless,1,12,0.8635,12,0,0,0.6957
AB3_PPO_Dynamic,Careless,0,40,0.5358,,14,0,0.5855
AB3_PPO_Dynamic,Careless,0,40,0.7573,,10,1,0.6479
AB3_PPO_Dynamic,Careless,0,40,0.8225,,4,0,0.7123
AB3_PPO_Dynamic,Careless,1,28,0.8781,28,2,0,0.7446
AB3_PPO_Dynamic,Careless,1,35,0.8535,35,4,1,0.7475
AB3_PPO_Dynamic,Careless,0,40,0.8125,,8,0,0.7152
AB3_PPO_Dynamic,Careless,1,32,0.8664,32,2,0,0.749
AB3_PPO_Dynamic,Careless,1,19,0.8554,19,0,0,0.6934
AB3_PPO_Dynamic,Careless,0,40,0.7419,,8,1,0.6859
AB3_PPO_Dynamic,Careless,1,22,0.8565,22,2,1,0.7283
AB3_PPO_Dynamic,Careless,1,34,0.8514,34,6,1,0.7409
AB3_PPO_Dynamic,Careless,1,14,0.8541,14,0,0,0.688
AB3_PPO_Dynamic,Careless,1,27,0.8517,27,0,0,0.6962
AB3_PPO_Dynamic,Careless,0,40,0.764,,10,0,0.712
AB3_PPO_Dynamic,Careless,1,25,0.8537,25,2,0,0.7322
AB3_PPO_Dynamic,Careless,1,20,0.8731,20,0,0,0.7078
AB3_PPO_Dynamic,Careless,1,31,0.857,31,6,0,0.7416
AB3_PPO_Dynamic,Careless,0,40,0.8338,,2,0,0.733
AB3_PPO_Dynamic,Careless,0,40,0.8184,,4,2,0.7268
AB3_PPO_Dynamic,Careless,1,32,0.8593,32,4,0,0.7581
AB3_PPO_Dynamic,Careless,0,40,0.812,,12,0,0.743
AB3_PPO_Dynamic,Careless,0,40,0.5011,,16,0,0.5698
AB3_PPO_Dynamic,Careless,0,40,0.784,,6,0,0.7219
AB3_PPO_Dynamic,Careless,1,35,0.858,35,8,1,0.7586
AB3_PPO_Dynamic,Careless,1,40,0.8585,40,10,0,0.7466
AB3_PPO_Dynamic,Careless,1,33,0.8532,33,2,0,0.7182
AB3_PPO_Dynamic,Careless,1,25,0.8637,25,2,0,0.7194
AB3_PPO_Dynamic,Careless,1,31,0.8596,31,4,2,0.7513
AB3_PPO_Dynamic,Careless,1,25,0.8577,25,4,0,0.7409
AB3_PPO_Dynamic,Careless,1,23,0.8597,23,0,0,0.7064
AB3_PPO_Dynamic,Careless,1,23,0.8577,23,2,0,0.7258
AB3_PPO_Dynamic,Careless,1,18,0.8583,18,0,0,0.6959
AB3_PPO_Dynamic,Careless,1,21,0.8592,21,0,0,0.6984
AB3_PPO_Dynamic,Careless,0,40,0.6802,,12,0,0.656
AB3_PPO_Dynamic,Careless,1,28,0.8569,28,0,0,0.7041
AB3_PPO_Dynamic,Careless,1,26,0.865,26,2,0,0.7401
AB3_PPO_Dynamic,Careless,1,30,0.8534,30,4,0,0.7242
AB3_PPO_Dynamic,Careless,1,28,0.8566,28,2,1,0.7326
AB3_PPO_Dynamic,Careless,1,24,0.8727,24,2,0,0.7458
AB3_PPO_Dynamic,Careless,1,15,0.8631,15,0,0,0.6998
AB3_PPO_Dynamic,Careless,0,40,0.6196,,12,0,0.6282
AB3_PPO_Dynamic,Careless,0,40,0.7503,,3,2,0.6674
AB3_PPO_Dynamic,Careless,1,25,0.859,25,2,0,0.7352
AB3_PPO_Dynamic,Careless,1,35,0.8504,35,6,1,0.7285
AB3_PPO_Dynamic,Careless,1,22,0.8544,22,2,0,0.7154
AB3_PPO_Dynamic,Careless,1,15,0.8696,15,0,0,0.7027
AB3_PPO_Dynamic,Careless,1,20,0.8585,20,0,0,0.6972
AB3_PPO_Dynamic,Careless,1,21,0.8591,21,2,0,0.7376
AB3_PPO_Dynamic,Careless,1,31,0.8505,31,6,1,0.7234
AB3_PPO_Dynamic,Careless,0,40,0.8161,,10,1,0.7202
AB3_PPO_Dynamic,Careless,1,35,0.8725,35,6,1,0.7444
AB3_PPO_Dynamic,Careless,1,32,0.8528,32,4,1,0.7376
AB3_PPO_Dynamic,Careless,0,40,0.8353,,6,0,0.7192
AB3_PPO_Dynamic,Careless,1,27,0.8681,27,6,0,0.7377
AB3_PPO_Dynamic,Careless,1,35,0.8574,35,4,1,0.7577
AB3_PPO_Dynamic,Careless,1,16,0.8608,16,0,0,0.6966
AB3_PPO_Dynamic,Careless,1,21,0.8586,21,0,0,0.6971
AB3_PPO_Dynamic,Careless,1,22,0.8602,22,4,0,0.7309
AB3_PPO_Dynamic,Careless,1,38,0.8508,38,4,0,0.7461
AB3_PPO_Dynamic,Careless,1,27,0.8507,27,0,0,0.6945
AB3_PPO_Dynamic,Careless,1,21,0.8714,21,0,0,0.713
AB3_PPO_Dynamic,Careless,1,22,0.8559,22,2,0,0.7289
AB3_PPO_Dynamic,Careless,1,25,0.8539,25,2,0,0.7175
AB3_PPO_Dynamic,Careless,0,40,0.7631,,8,2,0.6672
AB3_PPO_Dynamic,Careless,1,33,0.8656,33,2,0,0.7398
AB3_PPO_Dynamic,Careless,1,23,0.8509,23,2,1,0.7107
AB3_PPO_Dynamic,Careless,1,33,0.8641,33,2,0,0.7299
AB3_PPO_Dynamic,Careless,1,30,0.8547,30,2,0,0.7114
AB3_PPO_Dynamic,Careless,1,30,0.853,30,6,0,0.7504
AB3_PPO_Dynamic,Careless,0,40,0.6015,,12,0,0.5598
AB3_PPO_Dynamic,Careless,0,40,0.7737,,6,0,0.6876
AB3_PPO_Dynamic,Careless,0,40,0.8371,,6,2,0.7241
AB3_PPO_Dynamic,Careless,1,30,0.8701,30,2,1,0.7189
AB3_PPO_Dynamic,Careless,0,40,0.8044,,8,1,0.7193
AB3_PPO_Dynamic,Careless,1,21,0.8574,21,0,0,0.6963
AB3_PPO_Dynamic,Careless,1,31,0.8596,31,6,0,0.7433
AB3_PPO_Dynamic,Careless,1,25,0.862,25,2,0,0.7346
AB3_PPO_Dynamic,Careless,1,32,0.8511,32,6,0,0.7491
AB3_PPO_Dynamic,Careless,0,40,0.777,,10,4,0.6824
AB3_PPO_Dynamic,Careless,1,20,0.8626,20,0,0,0.7016
AB3_PPO_Dynamic,Careless,0,40,0.7459,,8,0,0.6705
AB3_PPO_Dynamic,Careless,1,21,0.8513,21,0,0,0.6901
AB3_PPO_Dynamic,Careless,0,40,0.8125,,6,1,0.7044
AB3_PPO_Dynamic,Careless,0,40,0.7711,,9,1,0.6928
AB3_PPO_Dynamic,Careless,0,40,0.8111,,4,0,0.7153
AB3_PPO_Dynamic,Careless,1,24,0.8512,24,0,0,0.7013
AB3_PPO_Dynamic,Careless,1,34,0.8552,34,6,0,0.7393
AB3_PPO_Dynamic,Careless,1,33,0.863,33,6,2,0.7641
AB3_PPO_Dynamic,Careless,0,40,0.6768,,14,0,0.6652
AB3_PPO_Dynamic,Careless,1,21,0.8526,21,2,1,0.7303
AB3_PPO_Dynamic,Careless,1,34,0.8615,34,8,0,0.7405
AB3_PPO_Dynamic,Careless,1,19,0.8578,19,0,0,0.6984
AB3_PPO_Dynamic,Careless,1,28,0.8624,28,2,1,0.7175
AB3_PPO_Dynamic,Weak,0,40,0.6104,,19,0,0.6307
AB3_PPO_Dynamic,Weak,1,39,0.8508,39,14,0,0.7694
AB3_PPO_Dynamic,Weak,0,40,0.7948,,17,0,0.736
AB3_PPO_Dynamic,Weak,0,40,0.8109,,18,0,0.7462
AB3_PPO_Dynamic,Weak,1,39,0.8611,39,16,0,0.7464
AB3_PPO_Dynamic,Weak,0,40,0.8284,,16,0,0.6914
AB3_PPO_Dynamic,Weak,0,40,0.4311,,24,0,0.5301
AB3_PPO_Dynamic,Weak,1,36,0.8563,36,10,0,0.7446
AB3_PPO_Dynamic,Weak,0,40,0.6536,,20,0,0.6392
AB3_PPO_Dynamic,Weak,0,40,0.3731,,26,0,0.4968
AB3_PPO_Dynamic,Weak,0,40,0.7623,,18,0,0.6589
AB3_PPO_Dynamic,Weak,0,40,0.7372,,20,0,0.638
AB3_PPO_Dynamic,Weak,0,40,0.8018,,16,0,0.7406
AB3_PPO_Dynamic,Weak,0,40,0.6873,,19,0,0.6613
AB3_PPO_Dynamic,Weak,0,40,0.8227,,16,0,0.7413
AB3_PPO_Dynamic,Weak,0,40,0.58,,22,0,0.5258
AB3_PPO_Dynamic,Weak,1,27,0.8568,27,8,0,0.7461
AB3_PPO_Dynamic,Weak,0,40,0.7356,,20,0,0.7064
AB3_PPO_Dynamic,Weak,0,40,0.7001,,19,0,0.6871
AB3_PPO_Dynamic,Weak,0,40,0.7589,,19,0,0.684
AB3_PPO_Dynamic,Weak,0,40,0.5723,,24,0,0.6074
AB3_PPO_Dynamic,Weak,0,40,0.6575,,20,0,0.6569
AB3_PPO_Dynamic,Weak,0,40,0.7653,,21,0,0.7236
AB3_PPO_Dynamic,Weak,0,40,0.7657,,19,0,0.7061
AB3_PPO_Dynamic,Weak,1,40,0.8534,40,16,0,0.7654
AB3_PPO_Dynamic,Weak,1,32,0.8596,32,10,0,0.7712
AB3_PPO_Dynamic,Weak,0,40,0.7574,,17,0,0.6932
AB3_PPO_Dynamic,Weak,0,40,0.7296,,18,0,0.6788
AB3_PPO_Dynamic,Weak,1,34,0.8552,34,14,0,0.7688
AB3_PPO_Dynamic,Weak,1,18,0.8653,18,2,0,0.7051
AB3_PPO_Dynamic,Weak,1,37,0.8626,37,12,0,0.7635
AB3_PPO_Dynamic,Weak,0,40,0.7273,,18,0,0.6998
AB3_PPO_Dynamic,Weak,0,40,0.6467,,22,0,0.6484
AB3_PPO_Dynamic,Weak,0,40,0.766,,19,0,0.704
AB3_PPO_Dynamic,Weak,1,27,0.8625,27,6,0,0.7577
AB3_PPO_Dynamic,Weak,0,40,0.7436,,20,0,0.7083
AB3_PPO_Dynamic,Weak,1,40,0.8584,40,16,0,0.7593
AB3_PPO_Dynamic,Weak,1,34,0.8616,34,10,0,0.728
AB3_PPO_Dynamic,Weak,0,40,0.7734,,16,0,0.6934
AB3_PPO_Dynamic,Weak,0,40,0.8235,,15,0,0.753
AB3_PPO_Dynamic,Weak,0,40,0.7426,,17,0,0.6819
AB3_PPO_Dynamic,Weak,0,40,0.3531,,24,0,0.464
AB3_PPO_Dynamic,Weak,0,40,0.6946,,20,0,0.6631
AB3_PPO_Dynamic,Weak,0,40,0.8478,,14,0,0.7637
AB3_PPO_Dynamic,Weak,0,40,0.8048,,15,0,0.7225
AB3_PPO_Dynamic,Weak,0,40,0.5525,,22,0,0.5866
AB3_PPO_Dynamic,Weak,1,32,0.8608,32,11,0,0.7494
AB3_PPO_Dynamic,Weak,1,36,0.853,36,12,0,0.7136
AB3_PPO_Dynamic,Weak,1,38,0.8541,38,14,0,0.7653
AB3_PPO_Dynamic,Weak,0,40,0.6773,,20,0,0.6533
AB3_PPO_Dynamic,Weak,0,40,0.7027,,19,0,0.6841
AB3_PPO_Dynamic,Weak,0,40,0.5971,,22,0,0.6278
AB3_PPO_Dynamic,Weak,1,26,0.8546,26,6,0,0.716
AB3_PPO_Dynamic,Weak,0,40,0.7402,,22,0,0.6639
AB3_PPO_Dynamic,Weak,0,40,0.6007,,22,0,0.6255
AB3_PPO_Dynamic,Weak,0,40,0.8043,,16,1,0.7378
AB3_PPO_Dynamic,Weak,0,40,0.7584,,20,0,0.7168
AB3_PPO_Dynamic,Weak,0,40,0.7406,,18,0,0.6872
AB3_PPO_Dynamic,Weak,1,39,0.8547,39,16,0,0.7669
AB3_PPO_Dynamic,Weak,0,40,0.6448,,19,0,0.6532
AB3_PPO_Dynamic,Weak,0,40,0.7712,,18,0,0.7231
AB3_PPO_Dynamic,Weak,0,40,0.7579,,20,0,0.7162
AB3_PPO_Dynamic,Weak,0,40,0.775,,18,0,0.7126
AB3_PPO_Dynamic,Weak,1,28,0.859,28,10,0,0.721
AB3_PPO_Dynamic,Weak,1,34,0.8593,34,14,0,0.7486
AB3_PPO_Dynamic,Weak,0,40,0.7464,,20,0,0.7103
AB3_PPO_Dynamic,Weak,1,31,0.858,31,10,0,0.7498
AB3_PPO_Dynamic,Weak,0,40,0.5457,,22,0,0.5932
AB3_PPO_Dynamic,Weak,1,27,0.852,27,8,0,0.7529
AB3_PPO_Dynamic,Weak,1,36,0.8586,36,13,0,0.7142
AB3_PPO_Dynamic,Weak,0,40,0.6921,,20,0,0.654
AB3_PPO_Dynamic,Weak,0,40,0.6352,,21,0,0.6499
AB3_PPO_Dynamic,Weak,0,40,0.8315,,18,0,0.7589
AB3_PPO_Dynamic,Weak,1,39,0.8518,39,14,0,0.7592
AB3_PPO_Dynamic,Weak,0,40,0.7481,,21,0,0.7114
AB3_PPO_Dynamic,Weak,1,35,0.856,35,12,0,0.7392
AB3_PPO_Dynamic,Weak,0,40,0.6618,,22,0,0.6467
AB3_PPO_Dynamic,Weak,1,37,0.868,37,12,0,0.7785
AB3_PPO_Dynamic,Weak,0,40,0.8163,,18,0,0.7492
AB3_PPO_Dynamic,Weak,0,40,0.6605,,19,0,0.6057
AB3_PPO_Dynamic,Weak,0,40,0.8313,,14,0,0.7598
AB3_PPO_Dynamic,Weak,0,40,0.7391,,20,0,0.7068
AB3_PPO_Dynamic,Weak,0,40,0.6798,,20,0,0.6734
AB3_PPO_Dynamic,Weak,1,30,0.8581,30,8,0,0.7699
AB3_PPO_Dynamic,Weak,0,40,0.5715,,18,0,0.6
AB3_PPO_Dynamic,Weak,0,40,0.8424,,16,0,0.7551
AB3_PPO_Dynamic,Weak,0,40,0.8312,,18,0,0.6746
AB3_PPO_Dynamic,Weak,0,40,0.8174,,16,0,0.751
AB3_PPO_Dynamic,Weak,0,40,0.6901,,22,0,0.6767
AB3_PPO_Dynamic,Weak,0,40,0.773,,17,0,0.7128
AB3_PPO_Dynamic,Weak,0,40,0.7125,,18,0,0.6697
AB3_PPO_Dynamic,Weak,1,33,0.8539,33,12,0,0.7683
AB3_PPO_Dynamic,Weak,0,40,0.7998,,19,0,0.7257
AB3_PPO_Dynamic,Weak,1,37,0.857,37,12,0,0.771
AB3_PPO_Dynamic,Weak,0,40,0.5333,,24,0,0.5531
AB3_PPO_Dynamic,Weak,1,21,0.8614,21,4,0,0.7487
AB3_PPO_Dynamic,Weak,0,40,0.8271,,18,0,0.7307
AB3_PPO_Dynamic,Weak,0,40,0.8241,,18,0,0.7575
AB3_PPO_Dynamic,Weak,0,40,0.7585,,19,0,0.687
AB3_PPO_Dynamic,Weak,0,40,0.8396,,16,0,0.7563
AB3_PPO_Dynamic,Average,1,34,0.8633,34,10,0,0.7539
AB3_PPO_Dynamic,Average,1,21,0.8602,21,3,0,0.7268
AB3_PPO_Dynamic,Average,1,30,0.8644,30,8,0,0.7713
AB3_PPO_Dynamic,Average,1,29,0.8526,29,10,0,0.7642
AB3_PPO_Dynamic,Average,1,37,0.8599,37,14,1,0.7692
AB3_PPO_Dynamic,Average,1,33,0.8512,33,10,0,0.7406
AB3_PPO_Dynamic,Average,0,40,0.6917,,18,0,0.6743
AB3_PPO_Dynamic,Average,0,40,0.7817,,16,0,0.7125
AB3_PPO_Dynamic,Average,1,30,0.8521,30,10,0,0.7499
AB3_PPO_Dynamic,Average,1,24,0.8655,24,8,0,0.7371
AB3_PPO_Dynamic,Average,0,40,0.8075,,15,0,0.724
AB3_PPO_Dynamic,Average,1,27,0.8651,27,6,0,0.7553
AB3_PPO_Dynamic,Average,1,29,0.8629,29,8,0,0.7382
AB3_PPO_Dynamic,Average,0,40,0.808,,12,1,0.7193
AB3_PPO_Dynamic,Average,1,27,0.8604,27,4,0,0.73
AB3_PPO_Dynamic,Average,1,31,0.8523,31,6,0,0.7371
AB3_PPO_Dynamic,Average,0,40,0.8249,,17,0,0.7497
AB3_PPO_Dynamic,Average,1,28,0.8522,28,7,0,0.7592
AB3_PPO_Dynamic,Average,1,14,0.8534,14,0,0,0.6668
AB3_PPO_Dynamic,Average,1,17,0.8605,17,2,0,0.6941
AB3_PPO_Dynamic,Average,1,30,0.8584,30,6,0,0.7301
AB3_PPO_Dynamic,Average,0,40,0.7153,,20,0,0.6785
AB3_PPO_Dynamic,Average,0,40,0.7391,,17,0,0.6609
AB3_PPO_Dynamic,Average,1,25,0.855,25,6,0,0.7257
AB3_PPO_Dynamic,Average,1,34,0.8572,34,10,0,0.77
AB3_PPO_Dynamic,Average,1,27,0.8572,27,8,0,0.7302
AB3_PPO_Dynamic,Average,1,27,0.8555,27,8,0,0.7693
AB3_PPO_Dynamic,Average,1,40,0.8684,40,14,0,0.7716
AB3_PPO_Dynamic,Average,1,34,0.8602,34,12,0,0.7332
AB3_PPO_Dynamic,Average,1,25,0.8588,25,4,0,0.7099
AB3_PPO_Dynamic,Average,1,29,0.8549,29,8,0,0.7271
AB3_PPO_Dynamic,Average,0,40,0.8383,,14,0,0.761
AB3_PPO_Dynamic,Average,1,22,0.8547,22,5,0,0.7218
AB3_PPO_Dynamic,Average,1,28,0.8606,28,8,0,0.7526
AB3_PPO_Dynamic,Average,0,40,0.8225,,14,0,0.7465
AB3_PPO_Dynamic,Average,1,38,0.8683,38,10,0,0.7662
AB3_PPO_Dynamic,Average,0,40,0.8235,,13,0,0.743
AB3_PPO_Dynamic,Average,1,22,0.8573,22,4,0,0.7165
AB3_PPO_Dynamic,Average,1,31,0.8624,31,8,0,0.7315
AB3_PPO_Dynamic,Average,1,36,0.8631,36,10,0,0.7722
AB3_PPO_Dynamic,Average,1,32,0.8559,32,7,0,0.764
AB3_PPO_Dynamic,Average,1,23,0.8566,23,4,0,0.727
AB3_PPO_Dynamic,Average,1,36,0.855,36,12,0,0.7346
AB3_PPO_Dynamic,Average,1,36,0.8582,36,10,0,0.7617
AB3_PPO_Dynamic,Average,1,37,0.8595,37,10,0,0.7697
AB3_PPO_Dynamic,Average,1,16,0.8563,16,2,0,0.7194
AB3_PPO_Dynamic,Average,0,40,0.817,,16,0,0.751
AB3_PPO_Dynamic,Average,1,30,0.859,30,8,0,0.7436
AB3_PPO_Dynamic,Average,1,33,0.8529,33,12,0,0.759
AB3_PPO_Dynamic,Average,1,37,0.8624,37,14,0,0.7256
AB3_PPO_Dynamic,Average,1,18,0.855,18,2,0,0.6905
AB3_PPO_Dynamic,Average,1,35,0.8632,35,10,0,0.7684
AB3_PPO_Dynamic,Average,1,24,0.8567,24,5,0,0.7137
AB3_PPO_Dynamic,Average,1,40,0.8519,40,16,0,0.7528
AB3_PPO_Dynamic,Average,0,40,0.7513,,18,0,0.7139
AB3_PPO_Dynamic,Average,0,40,0.8359,,11,0,0.7483
AB3_PPO_Dynamic,Average,1,39,0.8518,39,13,0,0.7502
AB3_PPO_Dynamic,Average,1,26,0.852,26,6,0,0.7589
AB3_PPO_Dynamic,Average,1,17,0.8581,17,0,0,0.6747
AB3_PPO_Dynamic,Average,1,39,0.8593,39,13,0,0.7748
AB3_PPO_Dynamic,Average,1,35,0.8598,35,12,0,0.7613
AB3_PPO_Dynamic,Average,1,39,0.8552,39,14,0,0.7581
AB3_PPO_Dynamic,Average,0,40,0.8093,,12,0,0.7038
AB3_PPO_Dynamic,Average,1,35,0.8644,35,12,0,0.7764
AB3_PPO_Dynamic,Average,1,34,0.8622,34,12,0,0.7551
AB3_PPO_Dynamic,Average,1,22,0.8551,22,4,0,0.7154
AB3_PPO_Dynamic,Average,0,40,0.7769,,15,0,0.7195
AB3_PPO_Dynamic,Average,1,39,0.8553,39,12,0,0.763
AB3_PPO_Dynamic,Average,1,34,0.8623,34,8,0,0.7584
AB3_PPO_Dynamic,Average,1,23,0.878,23,2,0,0.72
AB3_PPO_Dynamic,Average,1,18,0.863,18,2,0,0.7057
AB3_PPO_Dynamic,Average,0,40,0.8241,,16,0,0.7502
AB3_PPO_Dynamic,Average,1,32,0.8708,32,8,0,0.7692
AB3_PPO_Dynamic,Average,1,36,0.8517,36,7,0,0.7579
AB3_PPO_Dynamic,Average,0,40,0.8319,,13,0,0.7397
AB3_PPO_Dynamic,Average,1,39,0.8591,39,16,0,0.7245
AB3_PPO_Dynamic,Average,0,40,0.8225,,16,1,0.7534
AB3_PPO_Dynamic,Average,1,21,0.8626,21,4,0,0.7323
AB3_PPO_Dynamic,Average,1,40,0.8573,40,14,0,0.7745
AB3_PPO_Dynamic,Average,0,40,0.7099,,16,0,0.6706
AB3_PPO_Dynamic,Average,0,40,0.8097,,12,0,0.7046
AB3_PPO_Dynamic,Average,1,38,0.8578,38,14,0,0.7732
AB3_PPO_Dynamic,Average,1,27,0.8502,27,6,0,0.7105
AB3_PPO_Dynamic,Average,1,40,0.8533,40,14,0,0.7741
AB3_PPO_Dynamic,Average,1,38,0.8571,38,10,0,0.7352
AB3_PPO_Dynamic,Average,1,27,0.8665,27,6,0,0.7369
AB3_PPO_Dynamic,Average,1,30,0.8715,30,8,0,0.7673
AB3_PPO_Dynamic,Average,1,39,0.8544,39,11,0,0.7304
AB3_PPO_Dynamic,Average,1,40,0.8629,40,13,0,0.7661
AB3_PPO_Dynamic,Average,1,29,0.853,29,8,0,0.7315
AB3_PPO_Dynamic,Average,0,40,0.7884,,14,0,0.7176
AB3_PPO_Dynamic,Average,1,34,0.8599,34,10,0,0.7717
AB3_PPO_Dynamic,Average,1,36,0.8638,36,12,0,0.7658
AB3_PPO_Dynamic,Average,1,36,0.8672,36,11,0,0.7759
AB3_PPO_Dynamic,Average,1,33,0.862,33,10,0,0.7304
AB3_PPO_Dynamic,Average,1,35,0.8523,35,10,0,0.7684
AB3_PPO_Dynamic,Average,1,22,0.8521,22,2,0,0.7037
AB3_PPO_Dynamic,Average,1,29,0.8582,29,6,0,0.7576
AB3_PPO_Dynamic,Average,1,28,0.8596,28,6,0,0.7468
AB3_PPO_Dynamic,Average,1,33,0.8613,33,10,0,0.7674
